{
	
	"ua":{
		"week":["Пн", "Вт", "Ср", "Чт", "Пт", "Сб", "Нд"],
		"month":["Січ", "Лют", "Берез", "Квіт", "Трав", "Черв", "Лип", "Серп", "Верес", "Жовт", "Листоп", "Груд"],
		"button":"Застосувати",
		"year":"Рік (4 цифри)"
	},
	"en":{
		"week":["Md", "Tu", "Wn", "Th", "Fr", "St", "Sn"],
		"month":["Jan", "Feb", "Mr", "Apr", "May", "Jun", "Jul", "Ags", "Sep", "Oct", "Nov", "Dec"],
		"button":"Apply",
		"year":"Year (4 digits)"
	}
}